,JAN,FEB,MAR,APR,MAY,JUN,JUL,AUG,SEP,OCT,NOV,DEC,ANN
count,263.0,263.0,263.0,263.0,189.0,263.0,263.0,263.0,263.0,263.0,263.0,263.0,263.0
mean,72.9809885931559,75.99239543726236,84.33079847908745,90.99239543726236,95.45502645502646,101.93916349809886,103.04562737642586,101.93536121673004,98.8403041825095,91.0,80.95057034220532,74.18631178707224,104.23954372623574
std,11.873523201536543,12.143855417150307,11.075421611108734,9.294582020026617,8.6813776375335,7.670461488741452,7.845223293005126,7.810225520070981,8.983719960829205,9.698508581338167,10.56971718775831,11.495746097139532,7.643764296172862
min,36.0,36.0,34.0,42.0,47.0,62.0,65.0,66.0,61.0,43.0,39.0,34.0,66.0
25%,66.0,69.0,82.0,89.0,93.0,98.5,100.0,99.0,97.0,89.0,77.0,68.0,101.0
50%,74.0,76.0,87.0,93.0,96.0,103.0,104.0,103.0,100.0,93.0,83.0,75.0,105.0
75%,81.0,85.0,90.0,95.0,100.0,106.0,108.0,107.0,104.0,96.0,87.0,82.0,109.0
max,95.0,100.0,106.0,107.0,113.0,122.0,121.0,117.0,118.0,111.0,101.0,95.0,122.0
